{
  "feature_set": "contextual",
  "n_estimators": 300,
  "n_train_actions": 220899,
  "train_shot_created_rate": 0.15932620790497015,
  "best_model": "logistic_contextual",
  "best_creation_auc": 0.7658271439045671,
  "ladder": [
    {
      "name": "logistic_contextual",
      "creation_family": "logistic",
      "quality_family": "glm",
      "pipeline_path": "models\\cxa\\cxa_logistic_contextual.pkl",
      "train_creation_auc": 0.7777302996205415,
      "train_creation_ap": 0.4069507882245683,
      "train_creation_ll": 0.3698251409648922,
      "train_creation_brier": 0.11473708257184868,
      "train_quality_mae": 0.07583354137985511,
      "train_quality_rmse": 0.10828331480732396,
      "train_quality_spearman": 0.21166662413504247,
      "train_quality_n_rows": 35195,
      "creation_auc": 0.7658271439045671,
      "creation_ap": 0.44279095205730384,
      "creation_ll": 0.4266102199599866,
      "creation_brier": 0.13633619174973197,
      "quality_mae": 0.0700091362720221,
      "quality_rmse": 0.09382413783898756,
      "quality_spearman": 0.1836343515511628
    },
    {
      "name": "xgb_contextual",
      "creation_family": "xgboost",
      "quality_family": "xgboost",
      "pipeline_path": "models\\cxa\\cxa_xgb_contextual.pkl",
      "train_creation_auc": 0.9653873020214587,
      "train_creation_ap": 0.882635004689606,
      "train_creation_ll": 0.21327036163692709,
      "train_creation_brier": 0.06047870530372593,
      "train_quality_mae": 0.02549466900627826,
      "train_quality_rmse": 0.03655426792162504,
      "train_quality_spearman": 0.8996178741176902,
      "train_quality_n_rows": 35195,
      "creation_auc": 0.7503272295249744,
      "creation_ap": 0.3933505673234619,
      "creation_ll": 0.4462487058368791,
      "creation_brier": 0.14151179151915685,
      "quality_mae": 0.0727599552554159,
      "quality_rmse": 0.09994992746250513,
      "quality_spearman": 0.20163413980912104
    },
    {
      "name": "lgbm_contextual",
      "creation_family": "lgbm",
      "quality_family": "lgbm",
      "pipeline_path": "models\\cxa\\cxa_lgbm_contextual.pkl",
      "train_creation_auc": 0.994681348811023,
      "train_creation_ap": 0.979267757985015,
      "train_creation_ll": 0.1324763516754859,
      "train_creation_brier": 0.032292406324959416,
      "train_quality_mae": 0.012816264012488275,
      "train_quality_rmse": 0.01958327008962128,
      "train_quality_spearman": 0.9620645641255349,
      "train_quality_n_rows": 35195,
      "creation_auc": 0.7294862403205664,
      "creation_ap": 0.3575904868604021,
      "creation_ll": 0.48799493085900875,
      "creation_brier": 0.15097723186959525,
      "quality_mae": 0.07249897110302658,
      "quality_rmse": 0.0987932862523864,
      "quality_spearman": 0.21060408285490403
    },
    {
      "name": "gnn_passing_360",
      "creation_family": "gnn",
      "quality_family": "lgbm",
      "pipeline_path": "models\\cxa\\cxa_gnn_passing_360.pkl",
      "train_creation_auc": 0.9535004701789251,
      "train_creation_ap": 0.8502774727495701,
      "train_creation_ll": 0.19140043489684605,
      "train_creation_brier": 0.056949749823550694,
      "train_quality_mae": 0.012816264012488275,
      "train_quality_rmse": 0.01958327008962128,
      "train_quality_spearman": 0.9620645641255349,
      "train_quality_n_rows": 35195,
      "creation_auc": 0.6261808869054173,
      "creation_ap": 0.28852373963086103,
      "creation_ll": 0.7590105693011304,
      "creation_brier": 0.17600549816471567,
      "quality_mae": 0.07249897110302658,
      "quality_rmse": 0.0987932862523864,
      "quality_spearman": 0.21060408285490403
    }
  ]
}