{
  "feature_set": "contextual",
  "n_estimators": 300,
  "n_train_actions": 220899,
  "train_shot_created_rate": 0.15932620790497015,
  "best_model": "logistic_contextual",
  "best_creation_auc": 0.765827143904567,
  "ladder": [
    {
      "name": "logistic_contextual",
      "creation_family": "logistic",
      "quality_family": "glm",
      "pipeline_path": "models\\cxa\\cxa_logistic_contextual.pkl",
      "train_creation_auc": 0.7777302996205417,
      "train_creation_ap": 0.40695078822456837,
      "train_creation_ll": 0.36982514096493013,
      "train_creation_brier": 0.11473708257175226,
      "train_quality_mae": 0.07501121711748633,
      "train_quality_rmse": 0.10807560318837023,
      "train_quality_spearman": 0.21542416167411096,
      "train_quality_n_rows": 35195,
      "creation_auc": 0.765827143904567,
      "creation_ap": 0.44279095205730384,
      "creation_ll": 0.42661021996203286,
      "creation_brier": 0.13633619175017067,
      "quality_mae": 0.0691325047730594,
      "quality_rmse": 0.09324822833391576,
      "quality_spearman": 0.1854549981631148
    },
    {
      "name": "xgb_contextual",
      "creation_family": "xgboost",
      "quality_family": "xgboost",
      "pipeline_path": "models\\cxa\\cxa_xgb_contextual.pkl",
      "train_creation_auc": 0.9653873020214587,
      "train_creation_ap": 0.8826350046896058,
      "train_creation_ll": 0.21327036163692706,
      "train_creation_brier": 0.060478705912828445,
      "train_quality_mae": 0.025000475714202258,
      "train_quality_rmse": 0.035962899261749046,
      "train_quality_spearman": 0.897642998815795,
      "train_quality_n_rows": 35195,
      "creation_auc": 0.7503272295249745,
      "creation_ap": 0.3933505673234619,
      "creation_ll": 0.4462487058368791,
      "creation_brier": 0.14151179790496826,
      "quality_mae": 0.07214870981934676,
      "quality_rmse": 0.09890835310554834,
      "quality_spearman": 0.2049470643796765
    },
    {
      "name": "lgbm_contextual",
      "creation_family": "lgbm",
      "quality_family": "lgbm",
      "pipeline_path": "models\\cxa\\cxa_lgbm_contextual.pkl",
      "train_creation_auc": 0.994681348811023,
      "train_creation_ap": 0.9792677579850152,
      "train_creation_ll": 0.13247635167548585,
      "train_creation_brier": 0.03229240632495942,
      "train_quality_mae": 0.012868397146755832,
      "train_quality_rmse": 0.019528487005902484,
      "train_quality_spearman": 0.9607488700656558,
      "train_quality_n_rows": 35195,
      "creation_auc": 0.7294862403205663,
      "creation_ap": 0.35759048686040207,
      "creation_ll": 0.4879949308590088,
      "creation_brier": 0.15097723186959522,
      "quality_mae": 0.07105287574695958,
      "quality_rmse": 0.09806479090841425,
      "quality_spearman": 0.22050427337062234
    }
  ]
}