{
  "evaluation": "identical Euro 2024 held-out rows; single ECE definition; paired bootstrap",
  "n_shots": 1340,
  "n_goals": 126,
  "n_bootstrap": 2000,
  "per_model": {
    "statsbomb_xg": {
      "log_loss": 0.233287902319627,
      "brier": 0.06453235428534512,
      "roc_auc": 0.8295252477707175,
      "ece": 0.012581240731716417,
      "mean_pred": 0.10418258917350746
    },
    "baseline_logit": {
      "log_loss": 0.25048850318605675,
      "brier": 0.06939731193054073,
      "roc_auc": 0.7985408331372088,
      "ece": 0.02097083144069469,
      "mean_pred": 0.10695507966240947
    },
    "glm_contextual": {
      "log_loss": 0.2413127201219123,
      "brier": 0.06668785011217353,
      "roc_auc": 0.8130802018775659,
      "ece": 0.017073144829566442,
      "mean_pred": 0.10492903650818344
    }
  },
  "deltas_vs_baselines": {
    "statsbomb_xg": {
      "log_loss": {
        "delta_mean": 0.00795998818995356,
        "ci_low": -0.003891803215149939,
        "ci_high": 0.019710064191194025
      },
      "roc_auc": {
        "delta_mean": -0.016431772639766997,
        "ci_low": -0.04308875066294512,
        "ci_high": 0.009360335587517499
      }
    },
    "baseline_logit": {
      "log_loss": {
        "delta_mean": -0.009324114613460506,
        "ci_low": -0.017190284922771897,
        "ci_high": -0.0017798369651980373
      },
      "roc_auc": {
        "delta_mean": 0.014932851129068307,
        "ci_low": -0.0030135376582200194,
        "ci_high": 0.0328901112761824
      }
    }
  },
  "candidate": "glm_contextual",
  "strict_baseline": "statsbomb_xg",
  "verdict": "NO DEMONSTRABLE LIFT over statsbomb_xg: neither log-loss nor AUC improvement has a CI excluding zero. Honest conclusion - contextual context does not yet beat off-the-shelf xG.",
  "smoke": false
}
